iteration,c0,c1,c2,sse,mse
0,0.0,0.0,0.0,71.0,17.75
1,3.25,0.8214285714285714,0.08090379008746355,18.66211995002082,4.665529987505205
2,1.7346938775510206,1.2628071636817992,0.13523701858919326,6.460792734799927,1.6151981836999818
3,0.8824596894151249,1.4883363710213067,0.1741372958308287,2.6951956681960576,0.6737989170490144
4,0.4080149080601395,1.5916405644092377,0.20396664253495395,1.5582002641448034,0.38955006603620085
5,0.1486559045138045,1.6260903886899163,0.22836289126499743,1.214189486455419,0.30354737161385476
6,0.011594297537634413,1.6220978663738777,0.24940976168381146,1.0954116528118598,0.27385291320296495
7,-0.056080965454156695,1.5969810265791233,0.2683042506072423,1.0332737412055624,0.2583184353013906
8,-0.08453641699403297,1.5605903914359625,0.28573730353287563,0.9817116829883145,0.24542792074707862
9,-0.09096614951900822,1.5185181407093233,0.30211094926255594,0.9304918423109267,0.23262296057773169
10,-0.08516553348293077,1.473928501960398,0.317662157124354,0.8788216248885354,0.21970540622213386
11,-0.07271030287583627,1.4286017257698764,0.3325334909443486,0.8277645170336729,0.20694112925841823
12,-0.05676980696003478,1.3835295119831186,0.346813417000492,0.7783232607740029,0.19458081519350073
13,-0.03914122747639981,1.3392545966314777,0.3605593031218,0.7311193999485529,0.18277984998713823
14,-0.020839455873516488,1.296064415918307,0.3738105449915325,0.6864557463459935,0.17161393658649837
15,-0.0024335313478240916,1.2541015405994125,0.3865960609927621,0.6444282703420701,0.16110706758551752
16,0.015761475626213994,1.2134266393216628,0.3989385747515627,0.6050126816147172,0.1512531704036793
17,0.033575029387036576,1.1740543666158232,0.41085706520828413,0.5681199881648742,0.14202999704121855
18,0.05091872184727053,1.135973808672725,0.42236817124408277,0.5336294238942408,0.1334073559735602
19,0.06775068763662315,1.0991601220995204,0.43348699977045446,0.5014071202530745,0.12535178006326864
20,0.08405531765412896,1.0635811501670618,0.4442275933349793,0.47131635668865957,0.11782908917216489
21,0.09983169807697986,1.0292011751056334,0.45460320329713755,0.4432230007340211,0.11080575018350527
22,0.11508702580156865,0.9959830376066883,0.4646264518871149,0.41699825520844364,0.10424956380211091
23,0.12983286198506555,0.963889325725248,0.47430943067449133,0.3925199200135526,0.09812998000338816
24,0.14408300405140828,0.9328830336721331,0.48366376256207644,0.3696728463053621,0.09241821157634053
25,0.1578522805245327,0.9029279189012895,0.49270064277765424,0.3483489597988984,0.0870872399497246
26,0.17115587192627577,0.8739886877461994,0.5014308676956016,0.3284470611667327,0.08211176529168318
27,0.18400893144609506,0.8460310838772694,0.5098648565323773,0.3098725175788771,0.07746812939471928
28,0.19642637632077523,0.819021921922126,0.5180126687991082,0.2925369074328243,0.07313422685820607
29,0.20842277631993214,0.792929090379465,0.5258840191618389,0.2763576516300537,0.06908941290751343
30,0.22001229736436612,0.7677215375705431,0.5334882906567278,0.2612576489704299,0.06531441224260748
31,0.23120867634563835,0.7433692484488552,0.5408345468061457,0.2471649245822724,0.0617912311455681
32,0.2420252135052072,0.7198432167105364,0.5479315429525284,0.2340122955852682,0.05850307389631705
33,0.25247477460034584,0.6971154147219215,0.5547877369959794,0.22173705562904994,0.055434263907262485
34,0.2625697984311899,0.675158762682686,0.5614112996468025,0.21028067858710084,0.05257016964677521
35,0.2723223072121623,0.6539470978172957,0.5678101242612968,0.1995885409761343,0.04989713524403357
36,0.28174391835951756,0.6334551440311578,0.5739918363045415,0.18960966231907309,0.04740241557976827
37,0.2908458568873679,0.6136584822651641,0.5799638024697035,0.1802964625121054,0.04507411562802635
38,0.2996389679582916,0.5945335216672091,0.5857331394751468,0.1716045352033829,0.042901133800845724
39,0.30813372933617245,0.57605747163412,0.591306722555768,0.1634924361934165,0.040873109048354124
40,0.3163402636036322,0.5582083147407544,0.5966911936620611,0.1559214858981667,0.03898037147454168
41,0.32426835007165444,0.5409647805525624,0.6018929693786182,0.14885558496047252,0.03721389624011813
42,0.33192743634599264,0.524306320306699,0.6069182485726015,0.1422610421457666,0.03556526053644165
43,0.33932664953584657,0.5082130824408049,0.6117730197819304,0.13610641370983245,0.03402660342745811
44,0.34647480710203626,0.4926658889455919,0.6164630683523489,0.13036235347727895,0.03259058836931974
45,0.3533804273483911,0.477646212516078,0.6209939833320788,0.12500147291842256,0.03125036822960564
46,0.36005173956360725,0.4631361544759657,0.6253711641323952,0.11999821055879871,0.029999552639699677
47,0.36649669382266836,0.44911842344984026,0.6295998269621265,0.11532871009940171,0.028832177524850428
48,0.3727229704577971,0.43557631475833325,0.6336850110437842,0.11097070666693595,0.02774267666673399
49,0.3787379892092556,0.42249369051201685,0.6376315846187532,0.10690342065193104,0.02672585516298276
50,0.3845489180663384,0.40985496038048946,0.6414442507487107,0.10310745862866129,0.025776864657165322
51,0.3901626818087785,0.39764506301383895,0.6451275529201929,0.09956472088450796,0.02489118022112699
52,0.3955859702585665,0.38584944809440413,0.6486858804589951,0.09625831511789024,0.02406457877947256
53,0.4008252462519111,0.3744540589974793,0.6521234737608571,0.09317247589328546,0.023293118973321366
54,0.4058867533407811,0.3634453160403184,0.6554444293446694,0.09029248946930082,0.022573122367325206
55,0.41077652323317965,0.3528101002994875,0.6586527047342239,0.08760462364137052,0.02190115591034263
56,0.41550038298098524,0.3425357379772878,0.661752123174325,0.0850960622645627,0.021274015566140676
57,0.4200639619239307,0.3326099852986228,0.6647463781868832,0.08275484414429382,0.020688711036073455
58,0.4244726983979745,0.3230210139203113,0.6676390379724199,0.08056980600357003,0.020142451500892507
59,0.4287318462160635,0.3137573968354646,0.6704335496622283,0.0785305292548206,0.01963263231370515
60,0.43284648092900374,0.3048080947561255,0.6731332434262595,0.07662729032251953,0.01915682258062988
61,0.43682150587390367,0.2961624429579456,0.6757413364416256,0.07485101427972751,0.018712753569931878
62,0.4406616580173921,0.28781013857122345,0.6782609367264537,0.07319323157748854,0.018298307894372135
63,0.4443715136005767,0.27974122830315773,0.6806950468436557,0.0716460376607577,0.017911509415189424
64,0.44795549359246867,0.2719460965766844,0.6830465674790286,0.07020205527830438,0.017550513819576095
65,0.45141786895837344,0.26441545407176653,0.6853183008979508,0.06885439930687882,0.017213599826719706
66,0.45476276574952257,0.2571403266554741,0.687512954284792,0.06759664392191855,0.01689916098047964
67,0.457994170020017,0.2501120446876707,0.6896331429690166,0.06642279195825748,0.01660569798956437
68,0.461115932576936,0.2433222326895562,0.6916813935418252,0.06532724631475106,0.016331811578687766
69,0.46413177356927743,0.23676279936275918,0.6936601468670488,0.06430478326646089,0.01607619581661522
70,0.4670452869211903,0.23042592794707872,0.6955717609898827,0.063350527557157,0.01583763188928925
71,0.4698599446147924,0.22430406690539065,0.697418513946927,0.062459929153369634,0.015614982288342408
72,0.47257910082766946,0.2183899209246152,0.6992026064808825,0.06162874154915025,0.015407185387287562
73,0.4752059959299883,0.2126764422220213,0.7009261646631366,0.06085300151809976,0.01521325037952494
74,0.47774376034598987,0.2071568221465101,0.7025912424273651,0.06012901021611265,0.015032252554028163
75,0.4801954182844568,0.20182448306486522,0.704199824017168,0.05945331554473743,0.014863328886184357
76,0.4825638913426143,0.1966730705233048,0.7057538263506573,0.05882269569105794,0.014705673922764485
77,0.4848520019877425,0.19169644567499167,0.7072551013048154,0.05823414376560623,0.014558535941401558
78,0.4870624769206586,0.18688867796447817,0.7087054379223425,0.05768485346506884,0.01442121336626721
79,0.4891979503250841,0.182244038060369,0.710106564543628,0.05717220569141121,0.014293051422852802
80,0.4912609670067487,0.1777569910277787,0.7114601508663826,0.05669375606362984,0.01417343901590746
81,0.493253985425993,0.17342218973244786,0.7127678099353876,0.05624722326257851,0.014061805815644628
82,0.49517938062747174,0.16923446846865825,0.7140311000647316,0.05583047815329818,0.013957619538324546
83,0.4970394470704519,0.16518883680335367,0.715251526694826,0.05544153363298507,0.013860383408246267
84,0.49883640136307883,0.16128047362912812,0.7164305441864111,0.055078535156187484,0.013769633789046871
85,0.500572384903869,0.1575047214189991,0.7175695575536924,0.05473975189205685,0.013684937973014212
86,0.5022494664335779,0.15385708067611456,0.7186699241386714,0.05442356847148856,0.01360589211787214
87,0.5038696445004784,0.1503332045717828,0.7197329552286644,0.05412847728480047,0.013532119321200117
88,0.5054348498420003,0.14692889376543417,0.7207599176189425,0.05385307129322646,0.013463267823306615
89,0.5069469476855499,0.14364009140034054,0.7217520351223474,0.0535960373199445,0.013399009329986125
90,0.5084077399712734,0.14046287826913234,0.7227104900276878,0.05335614978865468,0.01333903744716367
91,0.5098189674993943,0.13739346814334794,0.7236364245086526,0.053132264879848595,0.013283066219962149
92,0.5111823120046938,0.134428203261453,0.7245309419849181,0.05292331507690706,0.013230828769226766
93,0.5124993981606071,0.13156354996995048,0.7253951084370743,0.05272830407602226,0.013182076019005565
94,0.5137717955153142,0.12879609451238858,0.7262299536769349,0.052546302035672274,0.013136575508918068
95,0.5150010203621451,0.12612253896124812,0.7270364725747452,0.052376441142998005,0.013094110285749501
96,0.5161885375465194,0.12353969728786098,0.7278156262447523,0.05221791147594263,0.013054477868985658
97,0.5173357622115757,0.12104449156567589,0.728568343190547,0.052069957141422166,0.013017489285355541
98,0.5184440614845717,0.11863394830234836,0.7292955204115454,0.051931872671114404,0.012982968167778601
99,0.5195147561060685,0.11630519489628238,0.7299980244719273,0.051802999657681176,0.012950749914420294
100,0.520549122003831,0.11405545621340231,0.730676692533305,0.05168272361538341,0.012920680903845853
101,0.5215483918133289,0.11188205128007471,0.7313323333523541,0.05157047105012279,0.012892617762530697
102,0.5225137563466484,0.10978239008824017,0.7319657282445946,0.05146570672493446,0.012866426681233615
103,0.5234463660115587,0.10775397050894588,0.7325776320154708,0.05136793110789917,0.012841982776974792
104,0.5243473321824335,0.10579437531060364,0.7331687738598388,0.05127667799029979,0.012819169497574948
105,0.5252177285246589,0.10390126927841786,0.7337398582309361,0.05119151226366896,0.01279787806591724
106,0.5260585922740969,0.10207239643155129,0.7342915656798653,0.05111202784512639,0.012778006961281597
107,0.5268709254731446,0.10030557733471285,0.734824553666595,0.05103784574111622,0.012759461435279056
108,0.5276556961648481,0.09859870650096353,0.7353394573434432,0.05096861224030806,0.012742153060077015
109,0.5284138395465034,0.09694974988264463,0.7358368903119771,0.05090399722705009,0.012725999306762523
110,0.5291462590841134,0.09535674244743901,0.7363174453542307,0.05084369260732691,0.012710923151831727
111,0.5298538275890341,0.09381778583667795,0.7367816951391135,0.05078741083972211,0.012696852709930527
112,0.5305373882580859,0.0923310461030999,0.737230192904849,0.05073488356437818,0.012683720891094544
113,0.5311977556783785,0.0908947515253689,0.7376634731182594,0.05068586032341618,0.012671465080854045
114,0.5318357167980386,0.08950719049674484,0.73808205211168,0.05064010736671541,0.012660026841678853
115,0.5324520318640028,0.08816670948539311,0.7384864286982634,0.05059740653735802,0.012649351634339504
116,0.5330474353279883,0.08687171106389904,0.738877084766406,0.05055755423142447,0.012639388557856117
117,0.5336226367217305,0.08562065200564284,0.7392544858540064,0.0505203604271791,0.012630090106794774
118,0.5341783215025131,0.08441204144576342,0.7396190817032381,0.05048564777901926,0.012621411944754815
119,0.5347151518700215,0.08324443910452135,0.7399713067964993,0.05045325077186391,0.012613312692965978
120,0.5352337675554706,0.0821164535709432,0.7403115808741781,0.050423014931953516,0.012605753732988379
121,0.5357347865839616,0.08102674064470126,0.7406403094348499,0.05039479609029619,0.012598699022574048
122,0.5362188060109734,0.07997400173425438,0.7409578842185022,0.05036845969524864,0.01259211492381216
123,0.5366864026338611,0.07895698230933967,0.7412646836733645,0.05034388017095324,0.01258597004273831
124,0.5371381336792147,0.07797447040597065,0.7415610734068985,0.05032094031857404,0.01258023507964351
125,0.5375745374668993,0.07702529518216135,0.7418474066214857,0.05029953075747546,0.012574882689368865
126,0.5379961340515578,0.07610832552265474,0.7421240245353329,0.0502795494036787,0.012569887350919675
127,0.5384034258423529,0.07522246869099285,0.7423912567890951,0.050260900983110285,0.012565225245777571
128,0.5387968982016778,0.07436666902732199,0.7426494218387032,0.0502434965773211,0.012560874144330275
129,0.5391770200235559,0.07353990669038207,0.7428988273348619,0.0502272531995097,0.012556813299877425
130,0.5395442442924101,0.07274119644217923,0.7431397704896715,0.05021209339882986,0.012553023349707464
131,0.539899008622881,0.07196958647389565,0.7433725384308104,0.05019794489109168,0.01254948622277292
132,0.5402417357813201,0.07122415727163602,0.7435974085437003,0.05018474021410116,0.01254618505352529
133,0.540572834189595,0.07050402052065843,0.7438146488020608,0.0501724164059902,0.01254310410149755
134,0.5408926984117994,0.06980831804678674,0.7440245180872499,0.050160914705004715,0.012540228676251179
135,0.5412017096244451,0.06913622079373803,0.7442272664967673,0.05015018026931968,0.01253754506732992
136,0.5415002360707074,0.06848692783515227,0.744423135642292,0.05014016191554579,0.012535040478886447
137,0.5417886334992493,0.0678596654201421,0.744612358937606,0.05013081187467872,0.01253270296866968
138,0.5420672455881659,0.06725368605122765,0.7447951618767498,0.0501220855643298,0.01253052139108245
139,0.5423364043545342,0.0666682675935572,0.7449717623027394,0.0501139413761505,0.012528485344037625
140,0.5425964305500762,0.06610271241435156,0.745142370667166,0.050106340477437714,0.012526585119359428
141,0.5428476340433915,0.0655563465515481,0.7453071902809876,0.05009924662597308,0.01252481165649327
142,0.5430903141892212,0.06502851891065138,0.7454664175568108,0.050092625997215666,0.012523156499303916
143,0.5433247601851853,0.06451860048883572,0.7456202422429522,0.05008644702302027,0.012521611755755068
144,0.5435512514164136,0.06402598362537407,0.7457688476495585,0.050080680241117205,0.012520170060279301
145,0.543770057788484,0.0635500812774991,0.7459124108670536,0.05007529815463033,0.012518824538657582
146,0.5439814400490636,0.0630903263208349,0.746051102977174,0.05007027510096937,0.012517568775242342
147,0.5441856500986385,0.06264617087356461,0.7461850892568442,0.050065587129465634,0.012516396782366409
148,0.5443829312906983,0.06221708564352987,0.7463145293751342,0.05006121188717198,0.012515302971792996
149,0.5445735187217355,0.06180255929748271,0.746439577583534,0.05005712851228094,0.012514282128070235
150,0.5447576395114071,0.06140209785173822,0.7465603828997728,0.050053317534652544,0.012513329383663136
151,0.544935513073188,0.06101522408350369,0.7466770892854003,0.05004976078297707,0.012512440195744268
152,0.5451073513758432,0.06064147696218067,0.7467898358173438,0.05004644129813281,0.012511610324533202
153,0.5452733591960257,0.06028041109996203,0.7468987568536429,0.05004334325232075,0.012510835813080188
154,0.5454337343623068,0.05993159622107238,0.7470039821935622,0.05004045187359683,0.012510112968399208
155,0.5455886679909236,0.059594616649015476,0.7471056372322705,0.05003775337543617,0.012509438343859043
156,0.5457383447135298,0.059269070811220126,0.747203843110272,0.05003523489099761,0.012508808722749402
157,0.5458829428972177,0.05895457076049293,0.7472987168577674,0.0500328844117714,0.01250822110294285
158,0.5460226348570746,0.05865074171270901,0.7473903715341166,0.05003069073032272,0.01250767268258068
159,0.5461575870615285,0.05835722160018798,0.7474789163625698,0.05002864338685127,0.012507160846712818
160,0.5462879603307238,0.05807366064022458,0.7475644568604264,0.05002673261931781,0.012506683154829452
161,0.5464139100281707,0.05779972091825902,0.7476470949647784,0.05002494931689845,0.012506237329224613
162,0.5465355862458869,0.05753507598518962,0.7477269291539873,0.05002328497654096,0.01250582124413524
163,0.5466531339832599,0.05727941046834968,0.7478040545650384,0.05002173166242285,0.012505432915605713
164,0.546766693319841,0.05703241969568368,0.7478785631069145,0.050020281968110626,0.012505070492027657
165,0.5468763995822739,0.05679380933267406,0.7479505435701215,0.050018928981245714,0.012504732245311428
166,0.5469823835055636,0.056563295031588884,0.748020081732499,0.05001766625058488,0.01250441656264622
167,0.54708477138887,0.05634060209262968,0.7480872604614403,0.050016487755240674,0.012504121938810168
168,0.5471836852460147,0.05612546513657596,0.7481521598126435,0.05001538787597081,0.012503846968992703
169,0.5472792429508839,0.05591762778853806,0.7482148571255128,0.05001436136838765,0.012503590342096912
170,0.547371558377898,0.055716842372439256,0.7482754271153226,0.05001340333794983,0.012503350834487458
171,0.5474607415377122,0.05552286961586547,0.7483339419622539,0.05001250921662508,0.01250312730415627
172,0.5475468987083133,0.05533547836492716,0.7483904713974107,0.050011674741110096,0.012502918685277524
173,0.547630132561672,0.05515444530879886,0.7484450827859167,0.050010895932501034,0.012502723983125259
174,0.5477105422860932,0.05497955471360275,0.7484978412071939,0.05001016907732232,0.01250254226933058
175,0.5477882237044173,0.05481059816532254,0.7485488095325158,0.05000949070982018,0.012502372677455045
176,0.547863269388211,0.05464737432144025,0.7485980484999305,0.05000885759543727,0.012502214398859318
177,0.5479357687680828,0.054489688671000305,0.7486456167866411,0.05000826671538963,0.012502066678847408
178,0.5480058082402558,0.05433735330281333,0.7486915710789299,0.05000771525227342,0.012501928813068355
179,0.5480734712695252,0.05419018668152652,0.7487359661397112,0.050007200576630134,0.012501800144157534
180,0.5481388384887211,0.05404801343129089,0.7487788548737901,0.05000672023440951,0.012501680058602378
181,0.5482019877947981,0.0539106641267691,0.7488202883909095,0.050006271935268146,0.012501567983817036
182,0.5482629944416628,0.05377797509123429,0.748860316066656,0.05000585354164937,0.012501463385412342
183,0.5483219311298524,0.05364978820151903,0.7488989856012997,0.05000546305858963,0.012501365764647408
184,0.5483788680931723,0.05352595069958386,0.7489363430766385,0.050005098624207635,0.012501274656051909
185,0.5484338731823895,0.05340631501047691,0.748972433010912,0.05000475850082586,0.012501189625206466
186,0.5484870119460928,0.053290738566472165,0.7490072984118541,0.050004441066685466,0.012501110266671367
187,0.5485383477088024,0.053179083637174225,0.7490409808279438,0.05000414480821287,0.012501036202053218
188,0.5485879416464354,0.05307121716538648,0.7490735203979183,0.050003868312803804,0.012500967078200951
189,0.5486358528592062,0.05296701060855015,0.7491049558986052,0.050003610262086814,0.012500902565521704
190,0.5486821384420568,0.05286633978556237,0.7491353247911322,0.05000336942563767,0.012500842356409417
191,0.5487268535526937,0.052769084728791146,0.7491646632655694,0.05000314465511221,0.012500786163778052
192,0.5487700514773205,0.05267512954111274,0.7491930062840557,0.05000293487877093,0.012500733719692732
193,0.5488117836941359,0.05258436225779841,0.7492203876224628,0.05000273909636928,0.01250068477409232
194,0.5488520999346824,0.052496674713088755,0.7492468399106453,0.050002556374387545,0.012500639093596886
195,0.5488910482431082,0.05241196241129425,0.7492723946713254,0.0500023858415798,0.01250059646039495
196,0.5489286750334195,0.05233012440226909,0.7492970823576576,0.05000222668482027,0.012500556671205067
197,0.5489650251447947,0.052251063161111326,0.749320932389519,0.050002078145225955,0.012500519536306489
198,0.5490001418950164,0.05217468447194402,0.7493439731885692,0.0500019395145379,0.012500484878634475
199,0.5490340671320918,0.052100897315640014,0.7493662322121191,0.05000181013174428,0.01250045253293607
200,0.5490668412841232,0.052029613761355266,0.7493877359858518,0.050001689379928715,0.012500422344982179
201,0.5490985034074854,0.05196074886174422,0.7494085101354327,0.050001576683328455,0.012500394170832114
202,0.5491290912333693,0.05189422055172893,0.7494285794170469,0.050001471504589244,0.012500367876147311
203,0.5491586412127425,0.0518299495507042,0.7494479677469006,0.050001373342203295,0.012500343335550824
204,0.5491871885597918,0.05176785926805931,0.7494666982297223,0.05000128172811791,0.012500320432029477
205,0.549214767293883,0.05170787571190714,0.7494847931862958,0.050001196225502954,0.012500299056375739
206,0.5492414102801039,0.05164992740090909,0.7495022741800593,0.050001116426669476,0.012500279106667369
207,0.5492671492684286,0.05159394527909225,0.7495191620428028,0.050001041951124967,0.012500260487781242
208,0.5492920149315519,0.05153986263355638,0.7495354768994923,0.050000972443758715,0.012500243110939679
209,0.5493160369014424,0.05148761501497304,0.7495512381922528,0.050000907573149345,0.012500226893287336
210,0.5493392438046558,0.05143714016078312,0.7495664647035369,0.05000084702998389,0.012500211757495973
211,0.549361663296446,0.05138837792099956,0.7495811745785079,0.050000790525583746,0.012500197631395937
212,0.549383322093723,0.05134127018652683,0.7495953853466624,0.05000073779052733,0.012500184447631832
213,0.5494042460068914,0.05129576081991472,0.7496091139427203,0.05000068857336611,0.012500172143341528
214,0.5494244599706066,0.0512517955884592,0.7496223767268059,0.05000064263942564,0.01250016065985641
215,0.5494439880734907,0.051209322099574656,0.7496351895039434,0.05000059976968545,0.012500149942421362
216,0.5494628535868362,0.051168289738358644,0.7496475675428916,0.05000055975973668,0.01250013993993417
217,0.5494810789923414,0.051128649607275235,0.7496595255943399,0.05000052241880566,0.012500130604701416
218,0.5494986860088975,0.05109035446788414,0.7496710779084858,0.05000048756884533,0.012500121892211332
219,0.5495156956184737,0.05105335868454793,0.7496822382520167,0.050000455043686054,0.012500113760921513
220,0.5495321280911194,0.051017618170048525,0.7496930199245161,0.050000424688242937,0.012500106172060734
221,0.5495480030091209,0.050983090333049694,0.7497034357743114,0.05000039635777652,0.01250009908944413
222,0.5495633392903354,0.050949734027341285,0.749713498213786,0.050000369917203275,0.012500092479300819
223,0.5495781552107373,0.05091750950280594,0.7497232192341701,0.05000034524045036,0.01250008631011259
224,0.5495924684261959,0.05088637835805014,0.7497326104198312,0.0500003222098553,0.012500080552463825
225,0.5496062959935157,0.05085630349464155,0.7497416829620784,0.05000030071560476,0.01250007517890119
226,0.5496196543907633,0.050827249072899774,0.7497504476724992,0.050000280655211164,0.012500070163802791
227,0.5496325595369032,0.05079918046918658,0.7497589149958432,0.05000026193302348,0.01250006548325587
228,0.5496450268107687,0.05077206423464497,0.7497670950224696,0.05000024445977141,0.012500061114942852
229,0.5496570710693888,0.05074586805534007,0.7497749975003706,0.05000022815214007,0.012500057038035018
230,0.5496687066656928,0.05072056071375027,0.7497826318467887,0.05000021293237219,0.012500053233093047
231,0.5496799474656141,0.0506961120515657,0.7497900071594392,0.05000019872789735,0.012500049681974337
232,0.549690806864614,0.05067249293375024,0.7497971322273509,0.05000018547098694,0.012500046367746735
233,0.5497012978036464,0.050649675213820605,0.7498040155413409,0.05000017309842983,0.012500043274607457
234,0.549711432784576,0.050627631700305084,0.7498106653041322,0.0500001615512319,0.012500040387807975
235,0.5497212238850797,0.05060633612434022,0.7498170894401289,0.05000015077433417,0.012500037693583543
236,0.5497306827730384,0.050585763108366134,0.7498232956048599,0.050000140716351,0.01250003517908775
237,0.5497398207204409,0.05056588813588539,0.7498292911941016,0.05000013132932431,0.012500032832331077
238,0.5497486486168164,0.050546687522245955,0.7498350833526909,0.05000012256849551,0.012500030642123877
239,0.5497571769822128,0.05052813838641791,0.7498406789830405,0.05000011439209155,0.012500028598022888
240,0.5497654159797314,0.050510218623725366,0.7498460847533638,0.050000106761126165,0.012500026690281541
241,0.5497733754276386,0.05049290687950512,0.7498513071056211,0.05000009963921363,0.012500024909803408
242,0.5497810648110684,0.05047618252365924,0.749856352263197,0.05000009299239595,0.012500023248098988
243,0.5497884932933217,0.050460025626069896,0.7498612262383162,0.05000008678897964,0.01250002169724491
244,0.5497956697267885,0.050444416932849005,0.7498659348392082,0.05000008099938613,0.012500020249846533
245,0.5498026026634979,0.05042933784339413,0.7498704836770289,0.050000075596009996,0.012500018899002499
246,0.5498093003653077,0.050414770388222466,0.7498748781725478,0.050000070553086556,0.012500017638271639
247,0.5498157708137488,0.05040069720755606,0.7498791235626071,0.05000006584657105,0.012500016461642763
248,0.5498220217195411,0.0503871015306354,0.7498832249063627,0.05000006145402175,0.012500015363505437
249,0.5498280605317775,0.05037396715573403,0.7498871870913132,0.05000005735449429,0.012500014338623572
250,0.5498338944468028,0.050361278430850684,0.7498910148391238,0.050000053528441696,0.012500013382110424
251,0.5498395304167907,0.05034902023505707,0.7498947127112539,0.050000049957620606,0.012500012489405151
252,0.5498449751580259,0.05033717796047894,0.7498982851143917,0.05000004662500497,0.012500011656251243
253,0.5498502351589105,0.05032573749488818,0.7499017363057069,0.0500000435147043,0.012500010878676075
254,0.5498553166876938,0.05031468520488495,0.7499050703979228,0.050000040611888195,0.012500010152972049
255,0.5498602257999428,0.050304007919651575,0.7499082913642178,0.05000003790271565,0.012500009475678912
256,0.5498649683457604,0.05029369291525704,0.7499114030429602,0.05000003537426894,0.012500008843567235
257,0.5498695499767537,0.05028372789949359,0.7499144091422825,0.050000033014491935,0.012500008253622984
258,0.549873976152771,0.050274100997229024,0.7499173132444996,0.05000003081213299,0.012500007703033247
259,0.5498782521484077,0.05026480073625473,0.7499201188103788,0.050000028756690795,0.012500007189172699
260,0.5498823830592922,0.050255816033615036,0.7499228291832629,0.05000002683836492,0.01250000670959123
261,0.5498863738081572,0.050247136182399385,0.7499254475930552,0.05000002504800846,0.012500006262002115
262,0.5498902291507075,0.05023875083898331,0.7499279771600683,0.050000023377084465,0.012500005844271116
263,0.549893953681286,0.0502306500107019,0.7499304208987422,0.050000021817625855,0.012500005454406464
264,0.5498975518383495,0.050222824043941613,0.7499327817212368,0.05000002036219708,0.01250000509054927
265,0.5499010279097589,0.05021526361263733,0.7499350624409025,0.05000001900385814,0.012500004750964536
266,0.5499043860378854,0.05020795970715697,0.7499372657756321,0.050000017736132676,0.012500004434033169
267,0.5499076302245522,0.05020090362356654,0.7499393943511008,0.05000001655297554,0.012500004138243885
268,0.5499107643357973,0.050194086953256244,0.749941450703894,0.050000015448745536,0.012500003862186384
269,0.5499137921064868,0.050187501572921296,0.7499434372845308,0.05000001441817742,0.012500003604544355
270,0.5499167171447602,0.05018113963488062,0.7499453564603842,0.050000013456357344,0.012500003364089336
271,0.5499195429363345,0.05017499355772585,0.7499472105185019,0.0500000125586991,0.012500003139674774
272,0.5499222728486546,0.05016905601728597,0.7499490016683321,0.0500000117209226,0.01250000293023065
273,0.5499249101349086,0.05016331993789948,0.7499507320443561,0.05000001093903335,0.012500002734758337
274,0.5499274579379044,0.050157778483982375,0.7499524037086324,0.050000010209302885,0.012500002552325721
275,0.5499299192938132,0.050152425051882596,0.7499540186532535,0.050000009528251926,0.012500002382062982
276,0.5499322971357887,0.05014725326200995,0.7499555788027203,0.05000000889263333,0.012500002223158332
277,0.5499345942974638,0.05014225695123461,0.7499570860162353,0.05000000829941574,0.012500002074853935
278,0.5499368135163243,0.05013743016554157,0.7499585420899181,0.050000007745771305,0.012500001936442826
279,0.5499389574369744,0.05013276715293581,0.7499599487589456,0.05000000722905981,0.012500001807264953
280,0.549941028614287,0.05012826235658832,0.7499613076996204,0.05000000674681754,0.012500001686704384
281,0.5499430295164459,0.05012391040821354,0.7499626205313681,0.05000000629674493,0.012500001574186232
282,0.5499449625278913,0.050119706121671444,0.7499638888186668,0.05000000587669628,0.01250000146917407
283,0.5499468299521589,0.050115644486788624,0.7499651140729121,0.05000000548466875,0.012500001371167187
284,0.5499486340146247,0.05011172066338686,0.7499662977542176,0.050000005118792705,0.012500001279698176
285,0.5499503768651579,0.050107929975515546,0.7499674412731554,0.05000000477732395,0.012500001194330987
286,0.5499520605806829,0.05010426790587909,0.7499685459924367,0.0500000044586341,0.012500001114658524
287,0.5499536871676527,0.05010073009045451,0.7499696132285357,0.05000000416120376,0.01250000104030094
288,0.5499552585644434,0.050097312313289656,0.7499706442532589,0.05000000388361465,0.012500000970903662
289,0.5499567766436594,0.0500940105014802,0.74997164029526,0.050000003624543155,0.012500000906135789
290,0.5499582432143697,0.05009082072031592,0.7499726025415046,0.050000003382753996,0.012500000845688499
291,0.5499596600242602,0.05008773916859125,0.7499735321386845,0.05000000315709449,0.012500000789273623
292,0.5499610287617177,0.05008476217407536,0.7499744301945841,0.050000002946488244,0.012500000736622061
293,0.5499623510578426,0.05008188618913691,0.7499752977794008,0.050000002749931494,0.012500000687482873
294,0.5499636284883921,0.05007910778651593,0.7499761359270198,0.0500000025664865,0.012500000641621625
295,0.5499648625756567,0.050076423655238816,0.749976945636247,0.050000002395279186,0.012500000598819797
296,0.5499660547902775,0.05007383059667469,0.7499777278719982,0.05000000223549277,0.012500000558873193
297,0.549967206552994,0.05007132552072135,0.7499784835664501,0.05000000208636571,0.012500000521591427
298,0.5499683192363424,0.05006890544212427,0.7499792136201503,0.05000000194718653,0.012500000486796633
299,0.5499693941662874,0.05006656747691884,0.7499799189030908,0.050000001817291945,0.012500000454322986
300,0.5499704326238039,0.050064308838993384,0.7499806002557448,0.050000001696062696,0.012500000424015674
301,0.5499714358464034,0.050062126836769145,0.749981258490068,0.05000000158292019,0.012500000395730047
302,0.549972405029608,0.0500600188699929,0.7499818943904668,0.05000000147732537,0.012500000369331342
303,0.5499733413283767,0.05005798242663824,0.7499825087147322,0.05000000137877479,0.012500000344693698
304,0.5499742458584802,0.05005601507991166,0.7499831021949435,0.050000001286798136,0.012500000321699534
305,0.5499751196978304,0.05005411448536092,0.7499836755383407,0.05000000120095745,0.012500000300239362
306,0.5499759638877664,0.05005227837808143,0.7499842294281668,0.05000000112084298,0.012500000280210744
307,0.5499767794342942,0.05005050457001646,0.7499847645244825,0.050000001046072745,0.012500000261518186
308,0.5499775673092866,0.05004879094735087,0.7499852814649526,0.05000000097629048,0.01250000024407262
309,0.5499783284516396,0.0500471354679907,0.749985780865606,0.05000000091116323,0.012500000227790808
310,0.5499790637683931,0.05004553615913053,0.7499862633215694,0.050000000850380574,0.012500000212595144
311,0.5499797741358113,0.0500439911149024,0.7499867294077771,0.05000000079365281,0.012500000198413203
312,0.5499804604004267,0.05004249849410471,0.7499871796796557,0.050000000740708934,0.012500000185177234
313,0.549981123380048,0.05004105651800758,0.7499876146737863,0.0500000006912971,0.012500000172824275
314,0.5499817638647367,0.05003966346823376,0.7499880349085436,0.05000000064518155,0.012500000161295387
315,0.5499823826177468,0.050038317684710794,0.7499884408847138,0.05000000060214223,0.012500000150535557
316,0.5499829803764354,0.050037017563692075,0.7499888330860918,0.050000000561973956,0.012500000140493489
317,0.5499835578531408,0.050035761555846554,0.7499892119800566,0.05000000052448536,0.01250000013112134
318,0.5499841157360319,0.05003454816441215,0.7499895780181297,0.050000000489497556,0.012500000122374389
319,0.549984654689928,0.050033375943411625,0.7499899316365122,0.05000000045684373,0.012500000114210933
320,0.5499851753570899,0.05003224349593018,0.7499902732566047,0.050000000426368194,0.012500000106592048
321,0.5499856783579882,0.05003114947245019,0.7499906032855098,0.05000000039792567,0.012500000099481417
322,0.5499861642920403,0.050030092569243075,0.7499909221165172,0.05000000037138052,0.01250000009284513
323,0.5499866337383253,0.050029071526816404,0.749991230129572,0.05000000034660619,0.012500000086651548
324,0.5499870872562734,0.05002808512841193,0.7499915276917279,0.05000000032348436,0.01250000008087109
325,0.5499875253863342,0.05002713219855636,0.7499918151575846,0.050000000301905115,0.012500000075476279
326,0.5499879486506192,0.050026211601659855,0.7499920928697099,0.05000000028176537,0.012500000070441343
327,0.5499883575535254,0.05002532224066356,0.7499923611590485,0.05000000026296912,0.01250000006574228
328,0.5499887525823348,0.050024463055731695,0.7499926203453161,0.05000000024542674,0.012500000061356684
329,0.5499891342077959,0.05002363302298881,0.7499928707373802,0.050000000229054625,0.012500000057263656
330,0.5499895028846863,0.050022831153299654,0.7499931126336287,0.05000000021377456,0.01250000005344364
331,0.5499898590523501,0.05002205649109057,0.7499933463223248,0.05000000019951403,0.012500000049878508
332,0.5499902031352273,0.050021308113210275,0.7499935720819516,0.05000000018620467,0.012500000046551168
333,0.5499905355433541,0.050020585127829885,0.7499937901815426,0.0500000001737831,0.012500000043445775
334,0.5499908566728563,0.050019886673380906,0.7499940008810031,0.05000000016219029,0.012500000040547573
335,0.549991166906418,0.050019211917527145,0.7499942044314201,0.05000000015137085,0.012500000037842712
336,0.549991466613739,0.05001856005617444,0.749994401075361,0.05000000014127301,0.012500000035318252
337,0.5499917561519749,0.05001793031251111,0.7499945910471628,0.05000000013184884,0.01250000003296221
338,0.5499920358661636,0.05001732193608273,0.7499947745732116,0.05000000012305336,0.01250000003076334
339,0.5499923060896352,0.05001673420189773,0.7499949518722121,0.05000000011484457,0.012500000028711142
340,0.549992567144411,0.05001616640956407,0.7499951231554484,0.05000000010718335,0.012500000026795837
341,0.5499928193415846,0.05001561788245366,0.7499952886270355,0.05000000010003336,0.01250000002500834
342,0.5499930629816954,0.05001508796689649,0.7499954484841632,0.05000000009336022,0.012500000023340055
343,0.5499932983550839,0.05001457603140146,0.7499956029173304,0.05000000008713233,0.012500000021783083
344,0.5499935257422416,0.05001408146590407,0.7499957521105721,0.05000000008131979,0.012500000020329947
345,0.5499937454141416,0.0500136036810396,0.7499958962416795,0.05000000007589517,0.012500000018973792
346,0.5499939576325623,0.05001314210744036,0.749996035482411,0.05000000007083213,0.012500000017708032
347,0.5499941626504009,0.05001269619505707,0.7499961699986972,0.050000000066107116,0.012500000016526779
348,0.549994360711974,0.05001226541250392,0.749996299950839,0.05000000006169715,0.012500000015424288
349,0.5499945520533076,0.050011849246424926,0.7499964254936979,0.050000000057581304,0.012500000014395326
350,0.5499947369024198,0.050011447200882325,0.7499965467768811,0.05000000005374014,0.012500000013435035
351,0.5499949154795926,0.05001105879676606,0.7499966639449196,0.05000000005015523,0.012500000012538807
352,0.5499950879976322,0.05001068357122161,0.7499967771374405,0.05000000004680945,0.012500000011702362
353,0.549995254662126,0.0500103210770991,0.7499968864893334,0.05000000004368682,0.012500000010921705
354,0.5499954156716845,0.05000997088242083,0.7499969921309109,0.05000000004077257,0.012500000010193142
355,0.5499955712181805,0.0500096325698661,0.7499970941880643,0.050000000038052675,0.012500000009513169
356,0.549995721486976,0.05000930573627375,0.7499971927824131,0.05000000003551426,0.012500000008878565
357,0.5499958666571436,0.0500089899921621,0.7499972880314506,0.0500000000331452,0.0125000000082863
358,0.5499960069016798,0.05000868496126413,0.7499973800486833,0.050000000030934015,0.012500000007733504
359,0.549996142387712,0.05000839028008045,0.7499974689437666,0.050000000028870464,0.012500000007217616
360,0.5499962732766961,0.050008105597444556,0.7499975548226352,0.050000000026944616,0.012500000006736154
361,0.54999639972461,0.05000783057410512,0.7499976377876293,0.05000000002514714,0.012500000006286784
362,0.5499965218821398,0.050007564882322005,0.7499977179376168,0.05000000002346959,0.012500000005867398
363,0.5499966398948581,0.05000730820547466,0.7499977953681113,0.050000000021903926,0.012500000005475981
364,0.5499967539033985,0.05000706023768588,0.749997870171385,0.05000000002044272,0.01250000000511068
365,0.5499968640436237,0.050006820683457104,0.7499979424365797,0.050000000019079005,0.012500000004769751
366,0.5499969704467853,0.05000658925731574,0.7499980122498126,0.0500000000178064,0.0125000000044516
367,0.5499970732396826,0.05000636568347524,0.749998079694279,0.0500000000166185,0.012500000004154625
368,0.5499971725448106,0.05000614969550649,0.7499981448503512,0.05000000001550986,0.012500000003877465
369,0.5499972684805111,0.05000594103602084,0.7499982077956744,0.05000000001447522,0.012500000003618806
370,0.5499973611611083,0.050005739456362205,0.7499982686052596,0.05000000001350964,0.01250000000337741
371,0.549997450697048,0.050005544716311835,0.7499983273515725,0.050000000012608466,0.012500000003152116
372,0.5499975371950288,0.050005356583801376,0.7499983841046199,0.050000000011767354,0.012500000002941838
373,0.5499976207581281,0.05000517483463667,0.7499984389320336,0.05000000001098235,0.012500000002745587
374,0.5499977014859275,0.0500049992522305,0.7499984918991502,0.05000000001024983,0.012500000002562458
375,0.5499977794746285,0.05000482962734419,0.74999854306909,0.05000000000956592,0.01250000000239148
376,0.5499978548171687,0.05000466575783934,0.7499985925028309,0.050000000008927833,0.012500000002231958
377,0.5499979276033331,0.05000450744843507,0.7499986402592824,0.05000000000833234,0.012500000002083084
378,0.5499979979198588,0.05000435451047703,0.749998686395355,0.050000000007776345,0.012500000001944086
379,0.5499980658505417,0.05000420676171197,0.7499987309660283,0.050000000007257635,0.012500000001814409
380,0.5499981314763327,0.050004064026070154,0.7499987740244165,0.050000000006773446,0.012500000001693361
381,0.5499981948754371,0.05000392613345589,0.7499988156218313,0.05000000000632172,0.01250000000158043
382,0.5499982561234065,0.05000379291954527,0.7499988558078436,0.05000000000589999,0.012500000001474998
383,0.5499983152932292,0.05000366422558962,0.7499988946303425,0.050000000005506334,0.012500000001376584
384,0.5499983724554165,0.05000353989822636,0.749998932135592,0.050000000005138996,0.012500000001284749
385,0.5499984276780886,0.05000341978929705,0.7499989683682864,0.050000000004796236,0.012500000001199059
386,0.5499984810270521,0.0500033037556698,0.7499990033716036,0.050000000004476235,0.012500000001119059
387,0.5499985325658827,0.050003191659069454,0.7499990371872566,0.05000000000417762,0.012500000001044405
388,0.5499985823559977,0.05000308336591253,0.7499990698555427,0.05000000000389904,0.01250000000097476
389,0.5499986304567319,0.05000297874714807,0.7499991014153922,0.05000000000363897,0.012500000000909742
390,0.5499986769254053,0.05000287767810359,0.7499991319044143,0.05000000000339611,0.012500000000849028
391,0.5499987218173947,0.05000278003833697,0.7499991613589423,0.05000000000316954,0.012500000000792384
392,0.5499987651861965,0.050002685711492856,0.7499991898140766,0.05000000000295822,0.012500000000739555
393,0.5499988070834926,0.05000259458516326,0.7499992173037269,0.050000000002760725,0.012500000000690181
394,0.5499988475592111,0.05000250655075466,0.7499992438606519,0.05000000000257672,0.01250000000064418
395,0.5499988866615867,0.05000242150335804,0.749999269516499,0.0500000000024047,0.012500000000601174
396,0.5499989244372165,0.050002339341624104,0.7499992943018419,0.0500000000022442,0.01250000000056105
397,0.5499989609311172,0.0500022599676421,0.7499993182462167,0.05000000000209456,0.01250000000052364
398,0.5499989961867784,0.0500021832868235,0.7499993413781577,0.05000000000195494,0.012500000000488735
399,0.5499990302462127,0.050002109207788976,0.7499993637252308,0.05000000000182443,0.012500000000456108
400,0.5499990631500087,0.050002037642259904,0.7499993853140665,0.050000000001702766,0.012500000000425691
401,0.5499990949373772,0.050001968504952976,0.749999406170392,0.05000000000158918,0.012500000000397296
402,0.5499991256461985,0.050001901713478306,0.7499994263190612,0.05000000000148323,0.012500000000370808
403,0.5499991553130683,0.050001837188241964,0.7499994457840851,0.05000000000138427,0.012500000000346068
404,0.5499991839733392,0.05000177485235018,0.7499994645886596,0.05000000000129193,0.012500000000322982
405,0.5499992116611658,0.05000171463151843,0.749999482755194,0.05000000000120569,0.012500000000301423
406,0.5499992384095431,0.05000165645398263,0.749999500305337,0.0500000000011253,0.012500000000281324
407,0.5499992642503466,0.05000160025041324,0.7499995172600027,0.05000000000105026,0.012500000000262565
408,0.5499992892143707,0.05000154595383434,0.7499995336393956,0.05000000000098023,0.012500000000245058
409,0.5499993133313638,0.05000149349954111,0.7499995494630349,0.050000000000914785,0.012500000000228696
410,0.5499993366300661,0.050001442825024674,0.7499995647497774,0.05000000000085364,0.01250000000021341
411,0.549999359138242,0.050001393869897326,0.7499995795178399,0.050000000000796754,0.012500000000199189
412,0.5499993808827144,0.050001346575819845,0.7499995937848213,0.050000000000743595,0.012500000000185899
413,0.5499994018893958,0.05000130088643272,0.7499996075677233,0.050000000000694045,0.012500000000173511
414,0.5499994221833192,0.05000125674728895,0.7499996208829708,0.05000000000064775,0.012500000000161937
415,0.549999441788669,0.05000121410578843,0.7499996337464312,0.05000000000060449,0.012500000000151123
416,0.5499994607288083,0.050001172911116123,0.7499996461734337,0.050000000000564135,0.012500000000141034
417,0.5499994790263076,0.05000113311418149,0.7499996581787873,0.0500000000005266,0.01250000000013165
418,0.5499994967029723,0.05000109466755886,0.7499996697767987,0.05000000000049142,0.012500000000122856
419,0.5499995137798664,0.05000105752543226,0.7499996809812889,0.05000000000045862,0.012500000000114656
420,0.5499995302773404,0.050001021643539804,0.7499996918056102,0.05000000000042808,0.01250000000010702
421,0.5499995462150546,0.05000098697912179,0.7499997022626618,0.0500000000003995,0.012500000000099876
422,0.549999561612001,0.05000095349086911,0.749999712364905,0.05000000000037278,0.012500000000093195
423,0.5499995764865289,0.05000092113887477,0.7499997221243786,0.05000000000034796,0.01250000000008699
424,0.5499995908563626,0.05000088988458518,0.7499997315527128,0.050000000000324854,0.012500000000081214
425,0.5499996047386275,0.05000085969075527,0.7499997406611432,0.050000000000303205,0.012500000000075801
426,0.5499996181498661,0.05000083052140365,0.749999749460524,0.05000000000028288,0.01250000000007072
427,0.5499996311060606,0.050000802341769617,0.7499997579613413,0.050000000000263944,0.012500000000065986
428,0.5499996436226509,0.05000077511827178,0.7499997661737254,0.0500000000002464,0.0125000000000616
429,0.5499996557145532,0.05000074881846905,0.749999774107463,0.05000000000023003,0.012500000000057507
430,0.5499996673961758,0.050000723411019694,0.7499997817720084,0.050000000000214664,0.012500000000053666
431,0.5499996786814408,0.05000069886564647,0.7499997891764955,0.050000000000200315,0.012500000000050079
432,0.5499996895837961,0.05000067515309895,0.7499997963297479,0.05000000000018705,0.012500000000046762
433,0.5499997001162341,0.05000065224511947,0.74999980324029,0.05000000000017449,0.012500000000043622
434,0.5499997102913058,0.050000630114408764,0.7499998099163572,0.05000000000016286,0.012500000000040715
435,0.5499997201211368,0.0500006087345944,0.749999816365905,0.05000000000015199,0.012500000000037998
436,0.549999729617441,0.05000058808019817,0.7499998225966192,0.050000000000141855,0.012500000000035464
437,0.5499997387915354,0.05000056812660676,0.7499998286159251,0.05000000000013239,0.012500000000033097
438,0.5499997476543521,0.050000548850041814,0.7499998344309956,0.050000000000123584,0.012500000000030896
439,0.5499997562164528,0.05000053022753171,0.7499998400487604,0.050000000000115355,0.012500000000028839
440,0.5499997644880412,0.05000051223688422,0.7499998454759143,0.05000000000010759,0.012500000000026898
441,0.5499997724789738,0.05000049485666039,0.7499998507189245,0.05000000000010043,0.012500000000025107
442,0.5499997801987737,0.050000478066148296,0.749999855784039,0.05000000000009373,0.012500000000023433
443,0.5499997876566409,0.05000046184533922,0.7499998606772941,0.05000000000008757,0.012500000000021893
444,0.5499997948614619,0.05000044617490308,0.7499998654045207,0.0500000000000818,0.01250000000002045
445,0.5499998018218231,0.05000043103616561,0.7499998699713523,0.05000000000007615,0.012500000000019038
446,0.5499998085460186,0.050000416411086115,0.749999874383231,0.05000000000007115,0.012500000000017787
447,0.5499998150420622,0.050000402282236345,0.7499998786454145,0.0500000000000663,0.012500000000016574
448,0.5499998213176946,0.05000038863277919,0.7499998827629818,0.05000000000006201,0.012500000000015502
449,0.549999827380395,0.05000037544644905,0.7499998867408398,0.05000000000005776,0.01250000000001444
450,0.5499998332373869,0.05000036270753183,0.749999890583729,0.0500000000000539,0.012500000000013474
451,0.5499998388956508,0.05000035040084654,0.7499998942962287,0.0500000000000504,0.0125000000000126
452,0.5499998443619297,0.05000033851172773,0.7499998978827631,0.05000000000004701,0.012500000000011752
453,0.5499998496427377,0.050000327026007416,0.7499999013476062,0.05000000000004387,0.012500000000010968
454,0.5499998547443673,0.05000031592999813,0.749999904694887,0.05000000000004106,0.012500000000010265
455,0.5499998596728983,0.05000030521047697,0.7499999079285944,0.05000000000003818,0.012500000000009545
456,0.5499998644342041,0.05000029485466971,0.749999911052582,0.050000000000035724,0.012500000000008931
457,0.5499998690339585,0.0500002848502356,0.7499999140705725,0.05000000000003323,0.012500000000008308
458,0.5499998734776427,0.05000027518525222,0.7499999169861624,0.05000000000003105,0.012500000000007762
459,0.5499998777705531,0.05000026584820232,0.7499999198028262,0.05000000000002886,0.012500000000007215
460,0.5499998819178047,0.05000025682795901,0.7499999225239204,0.05000000000002709,0.012500000000006773
461,0.5499998859243401,0.05000024811377319,0.7499999251526879,0.050000000000025274,0.012500000000006319
462,0.5499998897949328,0.05000023969526007,0.749999927692261,0.05000000000002357,0.012500000000005892
463,0.5499998935341965,0.050000231562387504,0.7499999301456663,0.050000000000022034,0.012500000000005508
464,0.5499998971465866,0.050000223705463726,0.7499999325158275,0.050000000000020625,0.012500000000005156
465,0.5499999006364084,0.050000216115125846,0.749999934805569,0.05000000000001921,0.012500000000004802
466,0.5499999040078198,0.050000208782328366,0.7499999370176195,0.050000000000017836,0.012500000000004459
467,0.5499999072648393,0.05000020169833305,0.7499999391546149,0.05000000000001667,0.012500000000004167
468,0.5499999104113481,0.050000194854698095,0.749999941219102,0.05000000000001556,0.01250000000000389
469,0.5499999134510961,0.050000188243268184,0.7499999432135409,0.05000000000001455,0.012500000000003637
470,0.5499999163877046,0.05000018185616439,0.7499999451403083,0.050000000000013575,0.012500000000003394
471,0.5499999192246744,0.05000017568577533,0.7499999470017005,0.05000000000001249,0.012500000000003123
472,0.5499999219653852,0.05000016972474782,0.7499999487999356,0.05000000000001183,0.012500000000002957
473,0.5499999246131039,0.050000163965978235,0.7499999505371565,0.050000000000011015,0.012500000000002754
474,0.5499999271709849,0.05000015840260409,0.7499999522154334,0.05000000000001027,0.012500000000002568
475,0.5499999296420771,0.05000015302799537,0.7499999538367662,0.05000000000000977,0.012500000000002443
476,0.5499999320293253,0.05000014783574753,0.7499999554030871,0.050000000000008864,0.012500000000002216
477,0.5499999343355738,0.05000014281967296,0.7499999569162626,0.05000000000000849,0.012500000000002122
478,0.5499999365635713,0.0500001379737941,0.7499999583780961,0.05000000000000776,0.01250000000000194
479,0.5499999387159727,0.05000013329233609,0.7499999597903295,0.05000000000000725,0.012500000000001812
480,0.5499999407953426,0.05000012876972004,0.7499999611546457,0.050000000000006824,0.012500000000001706
481,0.54999994280416,0.050000124400556824,0.7499999624726705,0.050000000000006414,0.012500000000001604
482,0.5499999447448178,0.05000012017963965,0.7499999637459747,0.05000000000000597,0.012500000000001493
483,0.5499999466196291,0.050000116101938365,0.7499999649760757,0.05000000000000561,0.012500000000001402
484,0.5499999484308274,0.05000011216259356,0.7499999661644392,0.050000000000005096,0.012500000000001274
485,0.5499999501805726,0.05000010835691103,0.7499999673124815,0.05000000000000484,0.01250000000000121
486,0.5499999518709482,0.050000104680355366,0.7499999684215707,0.0500000000000046,0.01250000000000115
487,0.5499999535039697,0.050000101128545534,0.7499999694930284,0.05000000000000413,0.012500000000001033
488,0.5499999550815822,0.05000009769724892,0.7499999705281315,0.05000000000000385,0.012500000000000962
489,0.5499999566056664,0.05000009438237632,0.7499999715281135,0.050000000000003514,0.012500000000000878
490,0.5499999580780383,0.050000091179977404,0.7499999724941661,0.05000000000000347,0.012500000000000868
491,0.5499999595004528,0.050000088086236016,0.7499999734274405,0.05000000000000321,0.012500000000000802
492,0.5499999608746042,0.05000008509746542,0.7499999743290489,0.050000000000003035,0.012500000000000759
493,0.549999962202131,0.05000008221010402,0.7499999752000656,0.05000000000000284,0.01250000000000071
494,0.5499999634846144,0.050000079420710934,0.7499999760415286,0.050000000000002584,0.012500000000000646
495,0.5499999647235836,0.05000007672596214,0.7499999768544408,0.05000000000000244,0.01250000000000061
496,0.5499999659205141,0.05000007412264623,0.7499999776397708,0.05000000000000223,0.012500000000000558
497,0.549999967076833,0.050000071607660915,0.7499999783984546,0.050000000000002154,0.012500000000000538
498,0.5499999681939177,0.05000006917800926,0.7499999791313962,0.05000000000000197,0.012500000000000493
499,0.5499999692730996,0.05000006683079579,0.749999979839469,0.05000000000000182,0.012500000000000455
500,0.5499999703156647,0.050000064563223375,0.7499999805235169,0.05000000000000163,0.012500000000000408
501,0.5499999713228557,0.050000062372589735,0.749999981184355,0.050000000000001585,0.012500000000000396
502,0.5499999722958729,0.05000006025628449,0.7499999818227707,0.05000000000000163,0.012500000000000408
503,0.5499999732358758,0.050000058211785714,0.749999982439525,0.05000000000000141,0.012500000000000353
504,0.5499999741439838,0.05000005623665683,0.7499999830353529,0.05000000000000123,0.012500000000000308
505,0.5499999750212798,0.050000054328544194,0.7499999836109642,0.05000000000000121,0.012500000000000303
506,0.549999975868809,0.05000005248517388,0.749999984167045,0.050000000000001085,0.012500000000000271
507,0.5499999766875815,0.05000005070434916,0.749999984704258,0.050000000000001085,0.012500000000000271
508,0.5499999774785731,0.0500000489839481,0.7499999852232433,0.05000000000000105,0.012500000000000263
509,0.5499999782427263,0.05000004732192029,0.7499999857246195,0.05000000000000099,0.012500000000000247
510,0.5499999789809515,0.05000004571628506,0.7499999862089839,0.050000000000000905,0.012500000000000226
511,0.549999979694129,0.050000044165129,0.7499999866769138,0.050000000000000856,0.012500000000000214
512,0.5499999803831084,0.050000042666603885,0.7499999871289669,0.050000000000000835,0.012500000000000209
513,0.5499999810487102,0.050000041218923735,0.7499999875656816,0.05000000000000067,0.012500000000000167
514,0.5499999816917285,0.0500000398203635,0.7499999879875787,0.05000000000000067,0.012500000000000167
515,0.5499999823129293,0.050000038469256484,0.7499999883951608,0.050000000000000655,0.012500000000000164
516,0.5499999829130525,0.05000003716399254,0.7499999887889135,0.0500000000000006,0.01250000000000015
517,0.549999983492814,0.05000003590301634,0.7499999891693062,0.05000000000000049,0.012500000000000122
518,0.5499999840529036,0.050000034684825286,0.7499999895367923,0.05000000000000057,0.012500000000000143
519,0.5499999845939892,0.05000003350796755,0.7499999898918095,0.050000000000000516,0.012500000000000129
520,0.5499999851167157,0.05000003237104038,0.7499999902347809,0.050000000000000495,0.012500000000000124
521,0.5499999856217062,0.05000003127268927,0.7499999905661152,0.05000000000000049,0.012500000000000122
522,0.5499999861095628,0.05000003021160532,0.7499999908862074,0.05000000000000038,0.012500000000000094
523,0.549999986580866,0.05000002918652409,0.7499999911954389,0.05000000000000035,0.012500000000000087
524,0.5499999870361776,0.05000002819622366,0.7499999914941782,0.05000000000000039,0.012500000000000098
525,0.5499999874760408,0.05000002723952433,0.7499999917827811,0.05000000000000028,0.01250000000000007
526,0.5499999879009796,0.05000002631528603,0.7499999920615917,0.05000000000000031,0.012500000000000077
527,0.5499999883114999,0.05000002542240699,0.7499999923309424,0.05000000000000031,0.012500000000000077
528,0.549999988708091,0.0500000245598233,0.7499999925911539,0.05000000000000013,0.012500000000000032
529,0.5499999890912264,0.05000002372650716,0.7499999928425365,0.05000000000000032,0.01250000000000008
530,0.5499999894613616,0.05000002292146547,0.7499999930853897,0.05000000000000033,0.012500000000000082
531,0.549999989818938,0.050000022143738734,0.7499999933200028,0.050000000000000114,0.012500000000000028
532,0.5499999901643822,0.05000002139240041,0.7499999935466555,0.05000000000000015,0.012500000000000037
533,0.5499999904981053,0.05000002066655514,0.7499999937656178,0.05000000000000018,0.012500000000000046
534,0.549999990820505,0.05000001996533777,0.7499999939771507,0.05000000000000024,0.01250000000000006
535,0.5499999911319661,0.05000001928791291,0.7499999941815063,0.050000000000000336,0.012500000000000084
536,0.5499999914328587,0.05000001863347301,0.7499999943789281,0.050000000000000065,0.012500000000000016
537,0.5499999917235422,0.050000018001238336,0.7499999945696513,0.05000000000000003,0.012500000000000008
538,0.5499999920043629,0.05000001739045537,0.7499999947539033,0.050000000000000266,0.012500000000000067
539,0.5499999922756553,0.050000016800396334,0.7499999949319036,0.050000000000000044,0.012500000000000011
540,0.5499999925377428,0.050000016230358095,0.7499999951038644,0.050000000000000225,0.012500000000000056
541,0.5499999927909376,0.050000015679661225,0.7499999952699905,0.0500000000000001,0.012500000000000025
542,0.5499999930355415,0.05000001514764946,0.74999999543048,0.05000000000000009,0.012500000000000023
543,0.5499999932718458,0.0500000146336889,0.7499999955855241,0.05000000000000013,0.012500000000000032
544,0.5499999935001322,0.05000001413716711,0.7499999957353075,0.05000000000000014,0.012500000000000035
545,0.549999993720673,0.050000013657492404,0.7499999958800088,0.05000000000000016,0.01250000000000004
546,0.5499999939337308,0.050000013194092925,0.7499999960198003,0.04999999999999996,0.01249999999999999
547,0.5499999941395595,0.05000001274641665,0.7499999961548486,0.050000000000000086,0.012500000000000022
548,0.5499999943384053,0.05000001231392997,0.7499999962853148,0.05000000000000011,0.012500000000000027
549,0.5499999945305033,0.05000001189611774,0.7499999964113543,0.050000000000000044,0.012500000000000011
550,0.5499999947160833,0.050000011492481886,0.7499999965331172,0.050000000000000086,0.012500000000000022
551,0.5499999948953669,0.05000001110254131,0.7499999966507488,0.05000000000000012,0.01250000000000003
552,0.5499999950685674,0.05000001072583144,0.7499999967643891,0.050000000000000114,0.012500000000000028
553,0.5499999952358909,0.050000010361903255,0.7499999968741736,0.050000000000000044,0.012500000000000011
554,0.5499999953975374,0.050000010010323316,0.749999996980233,0.04999999999999995,0.012499999999999987
555,0.5499999955536994,0.05000000967067238,0.7499999970826938,0.05000000000000002,0.012500000000000004
556,0.5499999957045629,0.05000000934254612,0.7499999971816782,0.05000000000000002,0.012500000000000004
557,0.549999995850307,0.050000009025553085,0.7499999972773039,0.05000000000000006,0.012500000000000015
558,0.5499999959911066,0.05000000871931564,0.7499999973696851,0.04999999999999999,0.012499999999999997
559,0.5499999961271286,0.050000008423468786,0.7499999974589319,0.050000000000000086,0.012500000000000022
560,0.5499999962585354,0.050000008137660014,0.7499999975451505,0.050000000000000114,0.012500000000000028
561,0.5499999963854834,0.050000007861548804,0.7499999976284436,0.04999999999999991,0.012499999999999978
562,0.5499999965081241,0.05000000759480614,0.7499999977089106,0.04999999999999993,0.012499999999999983
563,0.5499999966266036,0.05000000733711399,0.7499999977866474,0.050000000000000155,0.012500000000000039
564,0.5499999967410633,0.050000007088165425,0.7499999978617465,0.04999999999999992,0.01249999999999998
565,0.5499999968516388,0.05000000684766357,0.7499999979342976,0.04999999999999994,0.012499999999999985
566,0.5499999969584629,0.050000006615321946,0.7499999980043871,0.050000000000000044,0.012500000000000011
567,0.5499999970616622,0.05000000639086353,0.7499999980720983,0.049999999999999885,0.012499999999999971
568,0.5499999971613606,0.05000000617402124,0.7499999981375121,0.04999999999999996,0.01249999999999999
569,0.5499999972576759,0.05000000596453649,0.7499999982007064,0.049999999999999864,0.012499999999999966
570,0.5499999973507228,0.05000000576215939,0.7499999982617566,0.04999999999999999,0.012499999999999997
571,0.5499999974406129,0.05000000556664904,0.7499999983207353,0.04999999999999992,0.01249999999999998
572,0.549999997527453,0.05000000537777235,0.7499999983777128,0.04999999999999995,0.012499999999999987
573,0.5499999976113465,0.05000000519530434,0.7499999984327571,0.05000000000000013,0.012500000000000032
574,0.5499999976923937,0.050000005019027335,0.7499999984859338,0.05000000000000014,0.012500000000000035
575,0.5499999977706908,0.05000000484873132,0.7499999985373061,0.049999999999999975,0.012499999999999994
576,0.5499999978463317,0.05000000468421354,0.7499999985869353,0.05000000000000003,0.012500000000000008
577,0.5499999979194059,0.05000000452527795,0.7499999986348808,0.0500000000000001,0.012500000000000025
578,0.5499999979900005,0.050000004371734956,0.7499999986811993,0.05000000000000006,0.012500000000000015
579,0.5499999980582001,0.05000000422340196,0.7499999987259462,0.05,0.0125
580,0.5499999981240852,0.05000000408010173,0.749999998769175,0.049999999999999996,0.012499999999999999
581,0.5499999981877349,0.05000000394166366,0.7499999988109369,0.05000000000000002,0.012500000000000004
582,0.5499999982492253,0.050000003807922765,0.749999998851282,0.049999999999999996,0.012499999999999999
583,0.5499999983086291,0.05000000367871967,0.749999998890258,0.049999999999999906,0.012499999999999976
584,0.5499999983660172,0.05000000355390053,0.7499999989279116,0.049999999999999975,0.012499999999999994
585,0.5499999984214587,0.05000000343331642,0.7499999989642876,0.05000000000000003,0.012500000000000008
586,0.5499999984750188,0.05000000331682386,0.7499999989994293,0.04999999999999996,0.01249999999999999
587,0.5499999985267615,0.050000003204283945,0.7499999990333787,0.049999999999999975,0.012499999999999994
588,0.5499999985767487,0.050000003095562656,0.7499999990661761,0.04999999999999989,0.012499999999999973
589,0.5499999986250395,0.05000000299053023,0.7499999990978607,0.04999999999999998,0.012499999999999995
590,0.5499999986716919,0.05000000288906146,0.7499999991284704,0.04999999999999989,0.012499999999999973
591,0.5499999987167614,0.05000000279103549,0.7499999991580415,0.05000000000000003,0.012500000000000008
